{"cameraMode":{"drawMode":0,"name":"Shaded","section":"Shading Mode"},"sceneLighting":true,"audioPlay":false,"sceneViewState":{"m_AlwaysRefresh":false,"showFog":true,"showSkybox":true,"showFlares":true,"showImageEffects":true,"showParticleSystems":true,"showVisualEffectGraphs":true,"m_FxEnabled":true},"in2DMode":false,"pivot":{"x":-33.376338958740237,"y":-15.877212524414063,"z":-2.815302848815918},"rotation":{"x":0.17136593163013459,"y":0.001179332728497684,"z":-0.00018873802036978304,"w":0.9852468967437744},"size":1.7050938606262208,"orthographic":false}