{"cameraMode":{"drawMode":0,"name":"Shaded","section":"Shading Mode"},"sceneLighting":false,"audioPlay":false,"sceneViewState":{"m_AlwaysRefresh":false,"showFog":true,"showSkybox":false,"showFlares":true,"showImageEffects":true,"showParticleSystems":true,"showVisualEffectGraphs":true,"m_FxEnabled":true},"in2DMode":false,"pivot":{"x":1.1920928955078126e-7,"y":0.30650001764297488,"z":-2.384185791015625e-7},"rotation":{"x":0.01798298768699169,"y":0.027890432626008989,"z":0.0004943045787513256,"w":-0.9994717836380005},"size":2.0662872791290285,"orthographic":false}