{"cameraMode":{"drawMode":0,"name":"Shaded","section":"Shading Mode"},"sceneLighting":false,"audioPlay":false,"sceneViewState":{"m_AlwaysRefresh":false,"showFog":true,"showSkybox":false,"showFlares":true,"showImageEffects":true,"showParticleSystems":true,"showVisualEffectGraphs":true,"m_FxEnabled":true},"in2DMode":false,"pivot":{"x":-0.24212591350078584,"y":-0.04088003188371658,"z":-0.7979508638381958},"rotation":{"x":-0.010491197928786278,"y":-0.040486667305231097,"z":-0.0004251255886629224,"w":0.9991247653961182},"size":2.20540452003479,"orthographic":true}